game,goalie_out_sec,goalie_in_sec,goalie_out_duration,success
20112012_1063.html.csv,243,243,0,2
20112012_12.html.csv,552,551,1,2
20112012_14.html.csv,280,278,2,2
20112012_145.html.csv,362,362,0,2
20112012_145.html.csv,152,152,0,2
20112012_155.html.csv,221,221,0,2
20112012_234.html.csv,417,413,4,2
20112012_236.html.csv,320,312,8,2
20112012_299.html.csv,474,473,1,2
20112012_338.html.csv,345,344,1,2
20112012_351.html.csv,564,564,0,2
20112012_386.html.csv,164,149,15,2
20112012_406.html.csv,419,419,0,2
20112012_414.html.csv,254,254,0,2
20112012_451.html.csv,342,338,4,2
20112012_46.html.csv,196,196,0,2
20112012_562.html.csv,246,246,0,2
20112012_700.html.csv,106,106,0,2
20112012_707.html.csv,511,511,0,2
20112012_718.html.csv,226,215,11,2
20112012_719.html.csv,249,248,1,2
20112012_8.html.csv,358,357,1,2
20112012_81.html.csv,352,352,0,2
20112012_845.html.csv,97,97,0,2
20112012_849.html.csv,594,594,0,2
20112012_85.html.csv,214,212,2,2
20112012_884.html.csv,532,532,0,2
20112012_929.html.csv,247,247,0,2
20112012_947.html.csv,531,531,0,2
20112012_986.html.csv,255,255,0,2
20122013_124.html.csv,338,338,0,2
20122013_141.html.csv,383,383,0,2
20122013_16.html.csv,228,227,1,2
20122013_180.html.csv,178,163,15,2
20122013_200.html.csv,399,396,3,2
20122013_240.html.csv,60,58,2,2
20122013_250.html.csv,378,373,5,2
20122013_30.html.csv,456,456,0,2
20122013_310.html.csv,419,412,7,2
20122013_352.html.csv,254,254,0,2
20122013_354.html.csv,222,222,0,1
20122013_369.html.csv,518,518,0,2
20122013_43.html.csv,567,567,0,2
20122013_436.html.csv,186,186,0,2
20122013_559.html.csv,364,364,0,2
20122013_563.html.csv,388,388,0,2
20122013_59.html.csv,487,476,11,2
20122013_612.html.csv,466,463,3,2
20122013_619.html.csv,331,331,0,2
20122013_680.html.csv,337,303,34,2
20142015_1021.html.csv,267,267,0,2
20142015_1025.html.csv,525,525,0,2
20142015_107.html.csv,492,483,9,2
20142015_1144.html.csv,198,198,0,2
20142015_1204.html.csv,549,547,2,2
20142015_182.html.csv,583,583,0,2
20142015_266.html.csv,580,578,2,2
20142015_273.html.csv,402,402,0,2
20142015_291.html.csv,378,377,1,2
20142015_344.html.csv,320,295,25,2
20142015_379.html.csv,92,92,0,2
20142015_380.html.csv,534,534,0,2
20142015_444.html.csv,510,509,1,2
20142015_450.html.csv,299,298,1,2
20142015_460.html.csv,180,178,2,2
20142015_498.html.csv,115,115,0,2
20142015_507.html.csv,350,350,0,2
20142015_534.html.csv,241,241,0,2
20142015_565.html.csv,472,472,0,2
20142015_591.html.csv,244,243,1,2
20142015_610.html.csv,198,198,0,2
20142015_693.html.csv,416,416,0,2
20142015_697.html.csv,265,265,0,2
20142015_728.html.csv,519,519,0,2
20142015_880.html.csv,586,579,7,2
20142015_920.html.csv,299,282,17,2
20142015_969.html.csv,596,596,0,2
20152016_1025.html.csv,368,339,29,2
20152016_1031.html.csv,39,39,0,2
20152016_1049.html.csv,356,356,0,2
20152016_1079.html.csv,326,326,0,2
20152016_1081.html.csv,531,526,5,2
20152016_1087.html.csv,516,515,1,2
20152016_1137.html.csv,259,250,9,2
20152016_1161.html.csv,240,240,0,2
20152016_1186.html.csv,460,460,0,2
20152016_1218.html.csv,352,352,0,2
20152016_1219.html.csv,570,570,0,2
20152016_194.html.csv,421,418,3,2
20152016_217.html.csv,441,441,0,2
20152016_22.html.csv,510,492,18,2
20152016_361.html.csv,440,440,0,2
20152016_416.html.csv,87,86,1,2
20152016_479.html.csv,363,363,0,2
20152016_553.html.csv,286,286,0,2
20152016_560.html.csv,438,438,0,2
20152016_583.html.csv,556,556,0,2
20152016_651.html.csv,323,323,0,2
20152016_663.html.csv,432,432,0,2
20152016_681.html.csv,435,435,0,2
20152016_701.html.csv,161,160,1,2
20152016_780.html.csv,552,550,2,2
20152016_834.html.csv,464,464,0,2
20152016_858.html.csv,539,539,0,2
20152016_87.html.csv,25,25,0,2
20152016_909.html.csv,504,504,0,2
20152016_926.html.csv,228,226,2,2
20152016_97.html.csv,141,141,0,2
20152016_977.html.csv,344,344,0,2
20152016_983.html.csv,546,546,0,2
20162017_1038.html.csv,184,184,0,2
20162017_1112.html.csv,597,597,0,2
20162017_1140.html.csv,88,88,0,2
20162017_118.html.csv,161,161,0,2
20162017_200.html.csv,549,539,10,2
20162017_214.html.csv,169,169,0,2
20162017_273.html.csv,583,561,22,2
20162017_296.html.csv,288,288,0,2
20162017_303.html.csv,572,572,0,2
20162017_333.html.csv,239,239,0,2
20162017_381.html.csv,90,90,0,2
20162017_412.html.csv,554,554,0,2
20162017_426.html.csv,393,368,25,2
20162017_452.html.csv,520,519,1,2
20162017_584.html.csv,200,200,0,2
20162017_625.html.csv,129,129,0,2
20162017_70.html.csv,147,147,0,1
20162017_709.html.csv,169,167,2,1
20162017_72.html.csv,420,420,0,2
20162017_834.html.csv,374,374,0,2
20162017_866.html.csv,210,210,0,2
20162017_872.html.csv,291,280,11,2
20162017_939.html.csv,546,537,9,2
20162017_987.html.csv,417,417,0,2
20172018_1058.html.csv,247,245,2,2
20172018_1191.html.csv,487,487,0,2
20172018_1226.html.csv,169,127,42,2
20172018_123.html.csv,474,473,1,2
20172018_1230.html.csv,298,296,2,2
20172018_126.html.csv,128,128,0,2
20172018_190.html.csv,49,45,4,2
20172018_288.html.csv,91,91,0,2
20172018_294.html.csv,599,599,0,2
20172018_302.html.csv,489,489,0,1
20172018_389.html.csv,437,395,42,2
20172018_410.html.csv,386,386,0,2
20172018_550.html.csv,517,516,1,2
20172018_581.html.csv,491,491,0,2
20172018_636.html.csv,110,110,0,2
20172018_695.html.csv,493,493,0,2
20172018_72.html.csv,121,120,1,2
20172018_74.html.csv,224,222,2,2
20172018_757.html.csv,256,256,0,2
20172018_901.html.csv,137,135,2,2
20172018_902.html.csv,598,598,0,2
20172018_915.html.csv,172,172,0,2
20172018_946.html.csv,574,574,0,2
20172018_967.html.csv,395,395,0,2
20182019_103.html.csv,599,599,0,2
20182019_1046.html.csv,424,423,1,2
20182019_1077.html.csv,496,496,0,2
20182019_1117.html.csv,504,502,2,2
20182019_1145.html.csv,311,311,0,2
20182019_1186.html.csv,442,442,0,2
20182019_1187.html.csv,562,556,6,2
20182019_1206.html.csv,270,270,0,2
20182019_1215.html.csv,91,91,0,2
20182019_1220.html.csv,143,143,0,2
20182019_1223.html.csv,574,574,0,2
20182019_175.html.csv,589,586,3,2
20182019_199.html.csv,320,318,2,2
20182019_460.html.csv,590,590,0,2
20182019_483.html.csv,119,119,0,0
20182019_506.html.csv,329,329,0,2
20182019_506.html.csv,103,83,20,2
20182019_543.html.csv,337,337,0,2
20182019_57.html.csv,387,387,0,2
20182019_59.html.csv,542,537,5,1
20182019_684.html.csv,281,281,0,2
20182019_901.html.csv,121,94,27,2
20182019_910.html.csv,381,381,0,2
20182019_997.html.csv,197,197,0,2
20192020_138.html.csv,318,315,3,2
20192020_205.html.csv,493,493,0,2
20192020_225.html.csv,560,560,0,1
20192020_255.html.csv,94,94,0,2
20192020_34.html.csv,306,297,9,2
20192020_362.html.csv,159,159,0,2
20192020_401.html.csv,195,160,35,2
20192020_407.html.csv,598,598,0,2
20192020_462.html.csv,205,205,0,2
20192020_470.html.csv,324,314,10,2
20192020_624.html.csv,171,152,19,2
20192020_671.html.csv,262,262,0,2
20192020_736.html.csv,497,497,0,2
20192020_753.html.csv,438,438,0,2
20192020_763.html.csv,216,216,0,2
20192020_764.html.csv,500,500,0,2
20192020_801.html.csv,523,523,0,2
20192020_887.html.csv,453,453,0,2
20192020_949.html.csv,244,244,0,2
20192020_966.html.csv,472,472,0,2
20192020_989.html.csv,200,167,33,2
20202021_163.html.csv,482,480,2,2
20202021_177.html.csv,528,527,1,2
20202021_22.html.csv,387,368,19,2
20202021_273.html.csv,372,345,27,2
20202021_308.html.csv,338,338,0,2
20202021_320.html.csv,253,233,20,2
20202021_42.html.csv,451,451,0,2
20202021_450.html.csv,216,216,0,2
20202021_487.html.csv,516,514,2,2
20202021_511.html.csv,160,160,0,2
20202021_524.html.csv,534,534,0,2
20202021_590.html.csv,362,362,0,2
20202021_614.html.csv,422,408,14,2
20202021_633.html.csv,265,252,13,2
20202021_643.html.csv,215,215,0,2
20202021_65.html.csv,320,318,2,2
20202021_656.html.csv,106,104,2,2
20202021_69.html.csv,110,99,11,2
20202021_787.html.csv,436,436,0,2
20202021_806.html.csv,397,397,0,2
20202021_91.html.csv,276,252,24,2
20212022_174.html.csv,452,452,0,2
20212022_73.html.csv,93,93,0,2
20222023_1022.html.csv,589,589,0,2
20222023_1030.html.csv,342,340,2,2
20222023_1099.html.csv,306,306,0,2
20222023_1108.html.csv,587,587,0,2
20222023_1146.html.csv,309,308,1,2
20222023_1149.html.csv,598,589,9,2
20222023_1167.html.csv,344,344,0,2
20222023_1192.html.csv,188,188,0,2
20222023_120.html.csv,72,70,2,2
20222023_1233.html.csv,183,182,1,2
20222023_1241.html.csv,439,439,0,2
20222023_127.html.csv,395,395,0,1
20222023_270.html.csv,231,220,11,2
20222023_32.html.csv,250,247,3,2
20222023_484.html.csv,440,439,1,1
20222023_504.html.csv,508,503,5,2
20222023_509.html.csv,0,0,0,-2
20222023_613.html.csv,154,152,2,2
20222023_681.html.csv,326,325,1,2
20222023_704.html.csv,200,200,0,2
20222023_738.html.csv,579,579,0,2
20222023_748.html.csv,159,155,4,2
20222023_758.html.csv,295,293,2,2
20222023_781.html.csv,347,342,5,2
20222023_784.html.csv,281,250,31,2
20222023_80.html.csv,514,495,19,2
20222023_826.html.csv,262,262,0,2
20222023_957.html.csv,477,470,7,2
20222023_961.html.csv,479,461,18,2
20222023_982.html.csv,303,274,29,2
